Feature,True Positive/CIMP+ Cover,False Postive,True Negative,False Negative,Accuracy
BRAF_GRCh37_7:140453136-140453136_Missense-Mutation-SNP-A-A-T_Missense-Mutation-SNP-A-T-T,16,4,188,16,0.9107142857142857
GRB14_GRCh37_2:165365288-165365296_In-Frame-Del-DEL-TTTTTTTTT----,7,1,191,25,0.8839285714285714
MBD4_GRCh37_3:129155548-129155557_Frame-Shift-Del-DEL-TTTTTTTTTT----,6,2,190,26,0.875
MSH6_GRCh37_2:48030640-48030647_Frame-Shift-Del-DEL-CCCCCCCC----,3,0,192,29,0.8705357142857143
PRDM2_GRCh37_1:14108749-14108757_In-Frame-Del-DEL-AAAAAAAAA----,5,1,191,27,0.875
HMMR_GRCh37_5:162917426-162917434_In-Frame-Del-DEL-AAAAAAAAA----,5,1,191,27,0.875
SEC63_GRCh37_6:108214755-108214764_Frame-Shift-Del-DEL-TTTTTTTTTT----,8,3,189,24,0.8794642857142857
KRAS_GRCh37_12:25398284-25398284_Missense-Mutation-SNP-C-T-T_Missense-Mutation-SNP-C-A-A,8,22,170,24,0.7946428571428572
PIK3CA_GRCh37_3:178952085-178952085_Missense-Mutation-SNP-A-G-G,3,2,190,29,0.8616071428571428
RAD50_GRCh37_5:131931452-131931460_In-Frame-Del-DEL-AAAAAAAAA----,6,1,191,26,0.8794642857142857
ACVR2A_GRCh37_2:148683686-148683693_Frame-Shift-Del-DEL-AAAAAAAA----,12,5,187,20,0.8883928571428571
CASP5_GRCh37_11:104878041-104878050_Frame-Shift-Del-DEL-TTTTTTTTTT----,3,4,188,29,0.8526785714285714
MSH3_GRCh37_5:79970915-79970922_Frame-Shift-Del-DEL-AAAAAAAA----,8,3,189,24,0.8794642857142857
ATR_GRCh37_3:142274740-142274749_Frame-Shift-Del-DEL-TTTTTTTTTT----,4,1,191,28,0.8705357142857143
TGFBR2_GRCh37_3:30691872-30691881_Frame-Shift-Del-DEL-AAAAAAAAAA----,11,6,186,21,0.8794642857142857
AIM2_GRCh37_1:159032487-159032496_Frame-Shift-Del-DEL-TTTTTTTTTT----,6,4,188,26,0.8660714285714286
TCF7L2_GRCh37_10:114925317-114925325_In-Frame-Del-DEL-AAAAAAAAA----,4,4,188,28,0.8571428571428572
