Feature,TP,FP,TN,FN,CIMP Low
TP53_GRCh37_17:7578406-7578406_Missense_Mutation_SNP_C_C_T,0,9,183,32,0.8169642857142857
KRAS_GRCh37_12:25398284-25398284_Missense_Mutation_SNP_C_C_A,1,10,182,31,0.8169642857142857
APC_GRCh37_5:112116592-112116592_Nonsense_Mutation_SNP_C_T_T,0,5,187,32,0.8348214285714286
KRAS_GRCh37_12:25398284-25398284_Missense_Mutation_SNP_C_T_T,6,12,180,26,0.8303571428571428
TP53_GRCh37_17:7577539-7577539_Missense_Mutation_SNP_G_A_A,0,6,186,32,0.8303571428571428
ACVR2A_GRCh37_2:148683686-148683693_Frame_Shift_Del_DEL_AAAAAAAA_-_-,12,5,187,20,0.8883928571428571
KRAS_GRCh37_12:25398284-25398284_Missense_Mutation_SNP_C_A_A,2,10,182,30,0.8214285714285714
NUTM2F_GRCh37_9:97082793-97082793_Missense_Mutation_SNP_C_G_G,0,5,187,32,0.8348214285714286
KRAS_GRCh37_12:25398284-25398284_Missense_Mutation_SNP_C_C_T,1,12,180,31,0.8080357142857143
APC_GRCh37_5:112175639-112175639_Nonsense_Mutation_SNP_C_C_T,1,6,186,31,0.8348214285714286
TGFBR2_GRCh37_3:30691872-30691881_Frame_Shift_Del_DEL_AAAAAAAAAA_-_-,11,6,186,21,0.8794642857142857
KRAS_GRCh37_12:25398281-25398281_Missense_Mutation_SNP_C_T_T,0,7,185,32,0.8258928571428572
KRAS_GRCh37_12:25378562-25378562_Missense_Mutation_SNP_C_T_T,0,7,185,32,0.8258928571428572
APC_GRCh37_5:112175639-112175639_Nonsense_Mutation_SNP_C_T_T,1,12,180,31,0.8080357142857143
KRAS_GRCh37_12:25398285-25398285_Missense_Mutation_SNP_C_A_A,0,5,187,32,0.8348214285714286
PIK3CA_GRCh37_3:178936091-178936091_Missense_Mutation_SNP_G_A_A,2,6,186,30,0.8392857142857143
TP53_GRCh37_17:7578406-7578406_Missense_Mutation_SNP_C_T_T,0,6,186,32,0.8303571428571428
APC_GRCh37_5:112173917-112173917_Nonsense_Mutation_SNP_C_T_T,1,7,185,31,0.8303571428571428
